{
	"partitions" : [
		{
			"name" : "Top",
			"pins" : [
				{
					"name" : "FlushID",
					"strict" : false
				},
				{
					"name" : "RegWriteWB",
					"strict" : false
				},
				{
					"name" : "Interruption",
					"strict" : false
				},
				{
					"name" : "MEMException",
					"strict" : false
				},
				{
					"name" : "mux_result[31]",
					"strict" : false
				},
				{
					"name" : "mux_result[30]",
					"strict" : false
				},
				{
					"name" : "mux_result[29]",
					"strict" : false
				},
				{
					"name" : "mux_result[28]",
					"strict" : false
				},
				{
					"name" : "mux_result[27]",
					"strict" : false
				},
				{
					"name" : "mux_result[26]",
					"strict" : false
				},
				{
					"name" : "mux_result[25]",
					"strict" : false
				},
				{
					"name" : "mux_result[24]",
					"strict" : false
				},
				{
					"name" : "mux_result[23]",
					"strict" : false
				},
				{
					"name" : "mux_result[22]",
					"strict" : false
				},
				{
					"name" : "mux_result[21]",
					"strict" : false
				},
				{
					"name" : "mux_result[20]",
					"strict" : false
				},
				{
					"name" : "mux_result[19]",
					"strict" : false
				},
				{
					"name" : "mux_result[18]",
					"strict" : false
				},
				{
					"name" : "mux_result[17]",
					"strict" : false
				},
				{
					"name" : "mux_result[16]",
					"strict" : false
				},
				{
					"name" : "mux_result[15]",
					"strict" : false
				},
				{
					"name" : "mux_result[14]",
					"strict" : false
				},
				{
					"name" : "mux_result[13]",
					"strict" : false
				},
				{
					"name" : "mux_result[12]",
					"strict" : false
				},
				{
					"name" : "mux_result[11]",
					"strict" : false
				},
				{
					"name" : "mux_result[10]",
					"strict" : false
				},
				{
					"name" : "mux_result[9]",
					"strict" : false
				},
				{
					"name" : "mux_result[8]",
					"strict" : false
				},
				{
					"name" : "mux_result[7]",
					"strict" : false
				},
				{
					"name" : "mux_result[6]",
					"strict" : false
				},
				{
					"name" : "mux_result[5]",
					"strict" : false
				},
				{
					"name" : "mux_result[4]",
					"strict" : false
				},
				{
					"name" : "mux_result[3]",
					"strict" : false
				},
				{
					"name" : "mux_result[2]",
					"strict" : false
				},
				{
					"name" : "mux_result[1]",
					"strict" : false
				},
				{
					"name" : "mux_result[0]",
					"strict" : false
				},
				{
					"name" : "hilo_mux[1]",
					"strict" : false
				},
				{
					"name" : "FlushIF",
					"strict" : false
				},
				{
					"name" : "JumpEX[31]",
					"strict" : false
				},
				{
					"name" : "JumpEX[30]",
					"strict" : false
				},
				{
					"name" : "JumpEX[29]",
					"strict" : false
				},
				{
					"name" : "JumpEX[28]",
					"strict" : false
				},
				{
					"name" : "JumpEX[27]",
					"strict" : false
				},
				{
					"name" : "JumpEX[26]",
					"strict" : false
				},
				{
					"name" : "JumpEX[25]",
					"strict" : false
				},
				{
					"name" : "JumpEX[24]",
					"strict" : false
				},
				{
					"name" : "JumpEX[23]",
					"strict" : false
				},
				{
					"name" : "JumpEX[22]",
					"strict" : false
				},
				{
					"name" : "JumpEX[21]",
					"strict" : false
				},
				{
					"name" : "JumpEX[20]",
					"strict" : false
				},
				{
					"name" : "JumpEX[19]",
					"strict" : false
				},
				{
					"name" : "JumpEX[18]",
					"strict" : false
				},
				{
					"name" : "JumpEX[17]",
					"strict" : false
				},
				{
					"name" : "JumpEX[16]",
					"strict" : false
				},
				{
					"name" : "JumpEX[15]",
					"strict" : false
				},
				{
					"name" : "JumpEX[14]",
					"strict" : false
				},
				{
					"name" : "JumpEX[13]",
					"strict" : false
				},
				{
					"name" : "JumpEX[12]",
					"strict" : false
				},
				{
					"name" : "JumpEX[11]",
					"strict" : false
				},
				{
					"name" : "JumpEX[10]",
					"strict" : false
				},
				{
					"name" : "JumpEX[9]",
					"strict" : false
				},
				{
					"name" : "JumpEX[8]",
					"strict" : false
				},
				{
					"name" : "JumpEX[7]",
					"strict" : false
				},
				{
					"name" : "JumpEX[6]",
					"strict" : false
				},
				{
					"name" : "JumpEX[5]",
					"strict" : false
				},
				{
					"name" : "JumpEX[4]",
					"strict" : false
				},
				{
					"name" : "JumpEX[3]",
					"strict" : false
				},
				{
					"name" : "JumpEX[2]",
					"strict" : false
				},
				{
					"name" : "JumpEX[1]",
					"strict" : false
				},
				{
					"name" : "JumpEX[0]",
					"strict" : false
				},
				{
					"name" : "ALUOpID[3]",
					"strict" : false
				},
				{
					"name" : "ALUOpID[2]",
					"strict" : false
				},
				{
					"name" : "ALUOpID[1]",
					"strict" : false
				},
				{
					"name" : "ALUOpID[0]",
					"strict" : false
				},
				{
					"name" : "RegDstID",
					"strict" : false
				},
				{
					"name" : "BranchID",
					"strict" : false
				},
				{
					"name" : "JumpID",
					"strict" : false
				},
				{
					"name" : "LinkID",
					"strict" : false
				},
				{
					"name" : "MemReadID",
					"strict" : false
				},
				{
					"name" : "MemToRedID",
					"strict" : false
				},
				{
					"name" : "MemWriteID",
					"strict" : false
				},
				{
					"name" : "RegWriteID",
					"strict" : false
				},
				{
					"name" : "ALUSrcID",
					"strict" : false
				},
				{
					"name" : "a0[31]",
					"strict" : false
				},
				{
					"name" : "a0[30]",
					"strict" : false
				},
				{
					"name" : "a0[29]",
					"strict" : false
				},
				{
					"name" : "a0[28]",
					"strict" : false
				},
				{
					"name" : "a0[27]",
					"strict" : false
				},
				{
					"name" : "a0[26]",
					"strict" : false
				},
				{
					"name" : "a0[25]",
					"strict" : false
				},
				{
					"name" : "a0[24]",
					"strict" : false
				},
				{
					"name" : "a0[23]",
					"strict" : false
				},
				{
					"name" : "a0[22]",
					"strict" : false
				},
				{
					"name" : "a0[21]",
					"strict" : false
				},
				{
					"name" : "a0[20]",
					"strict" : false
				},
				{
					"name" : "a0[19]",
					"strict" : false
				},
				{
					"name" : "a0[18]",
					"strict" : false
				},
				{
					"name" : "a0[17]",
					"strict" : false
				},
				{
					"name" : "a0[16]",
					"strict" : false
				},
				{
					"name" : "a0[15]",
					"strict" : false
				},
				{
					"name" : "a0[14]",
					"strict" : false
				},
				{
					"name" : "a0[13]",
					"strict" : false
				},
				{
					"name" : "a0[12]",
					"strict" : false
				},
				{
					"name" : "a0[11]",
					"strict" : false
				},
				{
					"name" : "a0[10]",
					"strict" : false
				},
				{
					"name" : "a0[9]",
					"strict" : false
				},
				{
					"name" : "a0[8]",
					"strict" : false
				},
				{
					"name" : "a0[7]",
					"strict" : false
				},
				{
					"name" : "a0[6]",
					"strict" : false
				},
				{
					"name" : "a0[5]",
					"strict" : false
				},
				{
					"name" : "a0[4]",
					"strict" : false
				},
				{
					"name" : "a0[3]",
					"strict" : false
				},
				{
					"name" : "a0[2]",
					"strict" : false
				},
				{
					"name" : "a0[1]",
					"strict" : false
				},
				{
					"name" : "a0[0]",
					"strict" : false
				},
				{
					"name" : "a1[31]",
					"strict" : false
				},
				{
					"name" : "a1[30]",
					"strict" : false
				},
				{
					"name" : "a1[29]",
					"strict" : false
				},
				{
					"name" : "a1[28]",
					"strict" : false
				},
				{
					"name" : "a1[27]",
					"strict" : false
				},
				{
					"name" : "a1[26]",
					"strict" : false
				},
				{
					"name" : "a1[25]",
					"strict" : false
				},
				{
					"name" : "a1[24]",
					"strict" : false
				},
				{
					"name" : "a1[23]",
					"strict" : false
				},
				{
					"name" : "a1[22]",
					"strict" : false
				},
				{
					"name" : "a1[21]",
					"strict" : false
				},
				{
					"name" : "a1[20]",
					"strict" : false
				},
				{
					"name" : "a1[19]",
					"strict" : false
				},
				{
					"name" : "a1[18]",
					"strict" : false
				},
				{
					"name" : "a1[17]",
					"strict" : false
				},
				{
					"name" : "a1[16]",
					"strict" : false
				},
				{
					"name" : "a1[15]",
					"strict" : false
				},
				{
					"name" : "a1[14]",
					"strict" : false
				},
				{
					"name" : "a1[13]",
					"strict" : false
				},
				{
					"name" : "a1[12]",
					"strict" : false
				},
				{
					"name" : "a1[11]",
					"strict" : false
				},
				{
					"name" : "a1[10]",
					"strict" : false
				},
				{
					"name" : "a1[9]",
					"strict" : false
				},
				{
					"name" : "a1[8]",
					"strict" : false
				},
				{
					"name" : "a1[7]",
					"strict" : false
				},
				{
					"name" : "a1[6]",
					"strict" : false
				},
				{
					"name" : "a1[5]",
					"strict" : false
				},
				{
					"name" : "a1[4]",
					"strict" : false
				},
				{
					"name" : "a1[3]",
					"strict" : false
				},
				{
					"name" : "a1[2]",
					"strict" : false
				},
				{
					"name" : "a1[1]",
					"strict" : false
				},
				{
					"name" : "a1[0]",
					"strict" : false
				},
				{
					"name" : "a2[31]",
					"strict" : false
				},
				{
					"name" : "a2[30]",
					"strict" : false
				},
				{
					"name" : "a2[29]",
					"strict" : false
				},
				{
					"name" : "a2[28]",
					"strict" : false
				},
				{
					"name" : "a2[27]",
					"strict" : false
				},
				{
					"name" : "a2[26]",
					"strict" : false
				},
				{
					"name" : "a2[25]",
					"strict" : false
				},
				{
					"name" : "a2[24]",
					"strict" : false
				},
				{
					"name" : "a2[23]",
					"strict" : false
				},
				{
					"name" : "a2[22]",
					"strict" : false
				},
				{
					"name" : "a2[21]",
					"strict" : false
				},
				{
					"name" : "a2[20]",
					"strict" : false
				},
				{
					"name" : "a2[19]",
					"strict" : false
				},
				{
					"name" : "a2[18]",
					"strict" : false
				},
				{
					"name" : "a2[17]",
					"strict" : false
				},
				{
					"name" : "a2[16]",
					"strict" : false
				},
				{
					"name" : "a2[15]",
					"strict" : false
				},
				{
					"name" : "a2[14]",
					"strict" : false
				},
				{
					"name" : "a2[13]",
					"strict" : false
				},
				{
					"name" : "a2[12]",
					"strict" : false
				},
				{
					"name" : "a2[11]",
					"strict" : false
				},
				{
					"name" : "a2[10]",
					"strict" : false
				},
				{
					"name" : "a2[9]",
					"strict" : false
				},
				{
					"name" : "a2[8]",
					"strict" : false
				},
				{
					"name" : "a2[7]",
					"strict" : false
				},
				{
					"name" : "a2[6]",
					"strict" : false
				},
				{
					"name" : "a2[5]",
					"strict" : false
				},
				{
					"name" : "a2[4]",
					"strict" : false
				},
				{
					"name" : "a2[3]",
					"strict" : false
				},
				{
					"name" : "a2[2]",
					"strict" : false
				},
				{
					"name" : "a2[1]",
					"strict" : false
				},
				{
					"name" : "a2[0]",
					"strict" : false
				},
				{
					"name" : "a3[31]",
					"strict" : false
				},
				{
					"name" : "a3[30]",
					"strict" : false
				},
				{
					"name" : "a3[29]",
					"strict" : false
				},
				{
					"name" : "a3[28]",
					"strict" : false
				},
				{
					"name" : "a3[27]",
					"strict" : false
				},
				{
					"name" : "a3[26]",
					"strict" : false
				},
				{
					"name" : "a3[25]",
					"strict" : false
				},
				{
					"name" : "a3[24]",
					"strict" : false
				},
				{
					"name" : "a3[23]",
					"strict" : false
				},
				{
					"name" : "a3[22]",
					"strict" : false
				},
				{
					"name" : "a3[21]",
					"strict" : false
				},
				{
					"name" : "a3[20]",
					"strict" : false
				},
				{
					"name" : "a3[19]",
					"strict" : false
				},
				{
					"name" : "a3[18]",
					"strict" : false
				},
				{
					"name" : "a3[17]",
					"strict" : false
				},
				{
					"name" : "a3[16]",
					"strict" : false
				},
				{
					"name" : "a3[15]",
					"strict" : false
				},
				{
					"name" : "a3[14]",
					"strict" : false
				},
				{
					"name" : "a3[13]",
					"strict" : false
				},
				{
					"name" : "a3[12]",
					"strict" : false
				},
				{
					"name" : "a3[11]",
					"strict" : false
				},
				{
					"name" : "a3[10]",
					"strict" : false
				},
				{
					"name" : "a3[9]",
					"strict" : false
				},
				{
					"name" : "a3[8]",
					"strict" : false
				},
				{
					"name" : "a3[7]",
					"strict" : false
				},
				{
					"name" : "a3[6]",
					"strict" : false
				},
				{
					"name" : "a3[5]",
					"strict" : false
				},
				{
					"name" : "a3[4]",
					"strict" : false
				},
				{
					"name" : "a3[3]",
					"strict" : false
				},
				{
					"name" : "a3[2]",
					"strict" : false
				},
				{
					"name" : "a3[1]",
					"strict" : false
				},
				{
					"name" : "a3[0]",
					"strict" : false
				},
				{
					"name" : "at[31]",
					"strict" : false
				},
				{
					"name" : "at[30]",
					"strict" : false
				},
				{
					"name" : "at[29]",
					"strict" : false
				},
				{
					"name" : "at[28]",
					"strict" : false
				},
				{
					"name" : "at[27]",
					"strict" : false
				},
				{
					"name" : "at[26]",
					"strict" : false
				},
				{
					"name" : "at[25]",
					"strict" : false
				},
				{
					"name" : "at[24]",
					"strict" : false
				},
				{
					"name" : "at[23]",
					"strict" : false
				},
				{
					"name" : "at[22]",
					"strict" : false
				},
				{
					"name" : "at[21]",
					"strict" : false
				},
				{
					"name" : "at[20]",
					"strict" : false
				},
				{
					"name" : "at[19]",
					"strict" : false
				},
				{
					"name" : "at[18]",
					"strict" : false
				},
				{
					"name" : "at[17]",
					"strict" : false
				},
				{
					"name" : "at[16]",
					"strict" : false
				},
				{
					"name" : "at[15]",
					"strict" : false
				},
				{
					"name" : "at[14]",
					"strict" : false
				},
				{
					"name" : "at[13]",
					"strict" : false
				},
				{
					"name" : "at[12]",
					"strict" : false
				},
				{
					"name" : "at[11]",
					"strict" : false
				},
				{
					"name" : "at[10]",
					"strict" : false
				},
				{
					"name" : "at[9]",
					"strict" : false
				},
				{
					"name" : "at[8]",
					"strict" : false
				},
				{
					"name" : "at[7]",
					"strict" : false
				},
				{
					"name" : "at[6]",
					"strict" : false
				},
				{
					"name" : "at[5]",
					"strict" : false
				},
				{
					"name" : "at[4]",
					"strict" : false
				},
				{
					"name" : "at[3]",
					"strict" : false
				},
				{
					"name" : "at[2]",
					"strict" : false
				},
				{
					"name" : "at[1]",
					"strict" : false
				},
				{
					"name" : "at[0]",
					"strict" : false
				},
				{
					"name" : "Cause[4]",
					"strict" : false
				},
				{
					"name" : "Cause[0]",
					"strict" : false
				},
				{
					"name" : "EPC[31]",
					"strict" : false
				},
				{
					"name" : "EPC[30]",
					"strict" : false
				},
				{
					"name" : "EPC[29]",
					"strict" : false
				},
				{
					"name" : "EPC[28]",
					"strict" : false
				},
				{
					"name" : "EPC[27]",
					"strict" : false
				},
				{
					"name" : "EPC[26]",
					"strict" : false
				},
				{
					"name" : "EPC[25]",
					"strict" : false
				},
				{
					"name" : "EPC[24]",
					"strict" : false
				},
				{
					"name" : "EPC[23]",
					"strict" : false
				},
				{
					"name" : "EPC[22]",
					"strict" : false
				},
				{
					"name" : "EPC[21]",
					"strict" : false
				},
				{
					"name" : "EPC[20]",
					"strict" : false
				},
				{
					"name" : "EPC[19]",
					"strict" : false
				},
				{
					"name" : "EPC[18]",
					"strict" : false
				},
				{
					"name" : "EPC[17]",
					"strict" : false
				},
				{
					"name" : "EPC[16]",
					"strict" : false
				},
				{
					"name" : "EPC[15]",
					"strict" : false
				},
				{
					"name" : "EPC[14]",
					"strict" : false
				},
				{
					"name" : "EPC[13]",
					"strict" : false
				},
				{
					"name" : "EPC[12]",
					"strict" : false
				},
				{
					"name" : "EPC[11]",
					"strict" : false
				},
				{
					"name" : "EPC[10]",
					"strict" : false
				},
				{
					"name" : "EPC[9]",
					"strict" : false
				},
				{
					"name" : "EPC[8]",
					"strict" : false
				},
				{
					"name" : "EPC[7]",
					"strict" : false
				},
				{
					"name" : "EPC[6]",
					"strict" : false
				},
				{
					"name" : "EPC[5]",
					"strict" : false
				},
				{
					"name" : "EPC[4]",
					"strict" : false
				},
				{
					"name" : "EPC[3]",
					"strict" : false
				},
				{
					"name" : "EPC[2]",
					"strict" : false
				},
				{
					"name" : "EPC[1]",
					"strict" : false
				},
				{
					"name" : "EPC[0]",
					"strict" : false
				},
				{
					"name" : "ForwardA[1]",
					"strict" : false
				},
				{
					"name" : "ForwardA[0]",
					"strict" : false
				},
				{
					"name" : "ForwardB[1]",
					"strict" : false
				},
				{
					"name" : "ForwardB[0]",
					"strict" : false
				},
				{
					"name" : "fp[31]",
					"strict" : false
				},
				{
					"name" : "fp[30]",
					"strict" : false
				},
				{
					"name" : "fp[29]",
					"strict" : false
				},
				{
					"name" : "fp[28]",
					"strict" : false
				},
				{
					"name" : "fp[27]",
					"strict" : false
				},
				{
					"name" : "fp[26]",
					"strict" : false
				},
				{
					"name" : "fp[25]",
					"strict" : false
				},
				{
					"name" : "fp[24]",
					"strict" : false
				},
				{
					"name" : "fp[23]",
					"strict" : false
				},
				{
					"name" : "fp[22]",
					"strict" : false
				},
				{
					"name" : "fp[21]",
					"strict" : false
				},
				{
					"name" : "fp[20]",
					"strict" : false
				},
				{
					"name" : "fp[19]",
					"strict" : false
				},
				{
					"name" : "fp[18]",
					"strict" : false
				},
				{
					"name" : "fp[17]",
					"strict" : false
				},
				{
					"name" : "fp[16]",
					"strict" : false
				},
				{
					"name" : "fp[15]",
					"strict" : false
				},
				{
					"name" : "fp[14]",
					"strict" : false
				},
				{
					"name" : "fp[13]",
					"strict" : false
				},
				{
					"name" : "fp[12]",
					"strict" : false
				},
				{
					"name" : "fp[11]",
					"strict" : false
				},
				{
					"name" : "fp[10]",
					"strict" : false
				},
				{
					"name" : "fp[9]",
					"strict" : false
				},
				{
					"name" : "fp[8]",
					"strict" : false
				},
				{
					"name" : "fp[7]",
					"strict" : false
				},
				{
					"name" : "fp[6]",
					"strict" : false
				},
				{
					"name" : "fp[5]",
					"strict" : false
				},
				{
					"name" : "fp[4]",
					"strict" : false
				},
				{
					"name" : "fp[3]",
					"strict" : false
				},
				{
					"name" : "fp[2]",
					"strict" : false
				},
				{
					"name" : "fp[1]",
					"strict" : false
				},
				{
					"name" : "fp[0]",
					"strict" : false
				},
				{
					"name" : "gp[31]",
					"strict" : false
				},
				{
					"name" : "gp[30]",
					"strict" : false
				},
				{
					"name" : "gp[29]",
					"strict" : false
				},
				{
					"name" : "gp[28]",
					"strict" : false
				},
				{
					"name" : "gp[27]",
					"strict" : false
				},
				{
					"name" : "gp[26]",
					"strict" : false
				},
				{
					"name" : "gp[25]",
					"strict" : false
				},
				{
					"name" : "gp[24]",
					"strict" : false
				},
				{
					"name" : "gp[23]",
					"strict" : false
				},
				{
					"name" : "gp[22]",
					"strict" : false
				},
				{
					"name" : "gp[21]",
					"strict" : false
				},
				{
					"name" : "gp[20]",
					"strict" : false
				},
				{
					"name" : "gp[19]",
					"strict" : false
				},
				{
					"name" : "gp[18]",
					"strict" : false
				},
				{
					"name" : "gp[17]",
					"strict" : false
				},
				{
					"name" : "gp[16]",
					"strict" : false
				},
				{
					"name" : "gp[15]",
					"strict" : false
				},
				{
					"name" : "gp[14]",
					"strict" : false
				},
				{
					"name" : "gp[13]",
					"strict" : false
				},
				{
					"name" : "gp[12]",
					"strict" : false
				},
				{
					"name" : "gp[11]",
					"strict" : false
				},
				{
					"name" : "gp[10]",
					"strict" : false
				},
				{
					"name" : "gp[9]",
					"strict" : false
				},
				{
					"name" : "gp[8]",
					"strict" : false
				},
				{
					"name" : "gp[7]",
					"strict" : false
				},
				{
					"name" : "gp[6]",
					"strict" : false
				},
				{
					"name" : "gp[5]",
					"strict" : false
				},
				{
					"name" : "gp[4]",
					"strict" : false
				},
				{
					"name" : "gp[3]",
					"strict" : false
				},
				{
					"name" : "gp[2]",
					"strict" : false
				},
				{
					"name" : "gp[1]",
					"strict" : false
				},
				{
					"name" : "gp[0]",
					"strict" : false
				},
				{
					"name" : "HIEX[31]",
					"strict" : false
				},
				{
					"name" : "HIEX[30]",
					"strict" : false
				},
				{
					"name" : "HIEX[29]",
					"strict" : false
				},
				{
					"name" : "HIEX[28]",
					"strict" : false
				},
				{
					"name" : "HIEX[27]",
					"strict" : false
				},
				{
					"name" : "HIEX[26]",
					"strict" : false
				},
				{
					"name" : "HIEX[25]",
					"strict" : false
				},
				{
					"name" : "HIEX[24]",
					"strict" : false
				},
				{
					"name" : "HIEX[23]",
					"strict" : false
				},
				{
					"name" : "HIEX[22]",
					"strict" : false
				},
				{
					"name" : "HIEX[21]",
					"strict" : false
				},
				{
					"name" : "HIEX[20]",
					"strict" : false
				},
				{
					"name" : "HIEX[19]",
					"strict" : false
				},
				{
					"name" : "HIEX[18]",
					"strict" : false
				},
				{
					"name" : "HIEX[17]",
					"strict" : false
				},
				{
					"name" : "HIEX[16]",
					"strict" : false
				},
				{
					"name" : "HIEX[15]",
					"strict" : false
				},
				{
					"name" : "HIEX[14]",
					"strict" : false
				},
				{
					"name" : "HIEX[13]",
					"strict" : false
				},
				{
					"name" : "HIEX[12]",
					"strict" : false
				},
				{
					"name" : "HIEX[11]",
					"strict" : false
				},
				{
					"name" : "HIEX[10]",
					"strict" : false
				},
				{
					"name" : "HIEX[9]",
					"strict" : false
				},
				{
					"name" : "HIEX[8]",
					"strict" : false
				},
				{
					"name" : "HIEX[7]",
					"strict" : false
				},
				{
					"name" : "HIEX[6]",
					"strict" : false
				},
				{
					"name" : "HIEX[5]",
					"strict" : false
				},
				{
					"name" : "HIEX[4]",
					"strict" : false
				},
				{
					"name" : "HIEX[3]",
					"strict" : false
				},
				{
					"name" : "HIEX[2]",
					"strict" : false
				},
				{
					"name" : "HIEX[1]",
					"strict" : false
				},
				{
					"name" : "HIEX[0]",
					"strict" : false
				},
				{
					"name" : "InstructionID[31]",
					"strict" : false
				},
				{
					"name" : "InstructionID[30]",
					"strict" : false
				},
				{
					"name" : "InstructionID[29]",
					"strict" : false
				},
				{
					"name" : "InstructionID[28]",
					"strict" : false
				},
				{
					"name" : "InstructionID[27]",
					"strict" : false
				},
				{
					"name" : "InstructionID[26]",
					"strict" : false
				},
				{
					"name" : "InstructionID[25]",
					"strict" : false
				},
				{
					"name" : "InstructionID[24]",
					"strict" : false
				},
				{
					"name" : "InstructionID[23]",
					"strict" : false
				},
				{
					"name" : "InstructionID[22]",
					"strict" : false
				},
				{
					"name" : "InstructionID[21]",
					"strict" : false
				},
				{
					"name" : "InstructionID[20]",
					"strict" : false
				},
				{
					"name" : "InstructionID[19]",
					"strict" : false
				},
				{
					"name" : "InstructionID[18]",
					"strict" : false
				},
				{
					"name" : "InstructionID[17]",
					"strict" : false
				},
				{
					"name" : "InstructionID[16]",
					"strict" : false
				},
				{
					"name" : "InstructionID[15]",
					"strict" : false
				},
				{
					"name" : "InstructionID[14]",
					"strict" : false
				},
				{
					"name" : "InstructionID[13]",
					"strict" : false
				},
				{
					"name" : "InstructionID[12]",
					"strict" : false
				},
				{
					"name" : "InstructionID[11]",
					"strict" : false
				},
				{
					"name" : "InstructionID[10]",
					"strict" : false
				},
				{
					"name" : "InstructionID[9]",
					"strict" : false
				},
				{
					"name" : "InstructionID[8]",
					"strict" : false
				},
				{
					"name" : "InstructionID[7]",
					"strict" : false
				},
				{
					"name" : "InstructionID[6]",
					"strict" : false
				},
				{
					"name" : "InstructionID[5]",
					"strict" : false
				},
				{
					"name" : "InstructionID[4]",
					"strict" : false
				},
				{
					"name" : "InstructionID[3]",
					"strict" : false
				},
				{
					"name" : "InstructionID[2]",
					"strict" : false
				},
				{
					"name" : "InstructionID[1]",
					"strict" : false
				},
				{
					"name" : "InstructionID[0]",
					"strict" : false
				},
				{
					"name" : "k0[31]",
					"strict" : false
				},
				{
					"name" : "k0[30]",
					"strict" : false
				},
				{
					"name" : "k0[29]",
					"strict" : false
				},
				{
					"name" : "k0[28]",
					"strict" : false
				},
				{
					"name" : "k0[27]",
					"strict" : false
				},
				{
					"name" : "k0[26]",
					"strict" : false
				},
				{
					"name" : "k0[25]",
					"strict" : false
				},
				{
					"name" : "k0[24]",
					"strict" : false
				},
				{
					"name" : "k0[23]",
					"strict" : false
				},
				{
					"name" : "k0[22]",
					"strict" : false
				},
				{
					"name" : "k0[21]",
					"strict" : false
				},
				{
					"name" : "k0[20]",
					"strict" : false
				},
				{
					"name" : "k0[19]",
					"strict" : false
				},
				{
					"name" : "k0[18]",
					"strict" : false
				},
				{
					"name" : "k0[17]",
					"strict" : false
				},
				{
					"name" : "k0[16]",
					"strict" : false
				},
				{
					"name" : "k0[15]",
					"strict" : false
				},
				{
					"name" : "k0[14]",
					"strict" : false
				},
				{
					"name" : "k0[13]",
					"strict" : false
				},
				{
					"name" : "k0[12]",
					"strict" : false
				},
				{
					"name" : "k0[11]",
					"strict" : false
				},
				{
					"name" : "k0[10]",
					"strict" : false
				},
				{
					"name" : "k0[9]",
					"strict" : false
				},
				{
					"name" : "k0[8]",
					"strict" : false
				},
				{
					"name" : "k0[7]",
					"strict" : false
				},
				{
					"name" : "k0[6]",
					"strict" : false
				},
				{
					"name" : "k0[5]",
					"strict" : false
				},
				{
					"name" : "k0[4]",
					"strict" : false
				},
				{
					"name" : "k0[3]",
					"strict" : false
				},
				{
					"name" : "k0[2]",
					"strict" : false
				},
				{
					"name" : "k0[1]",
					"strict" : false
				},
				{
					"name" : "k0[0]",
					"strict" : false
				},
				{
					"name" : "k1[31]",
					"strict" : false
				},
				{
					"name" : "k1[30]",
					"strict" : false
				},
				{
					"name" : "k1[29]",
					"strict" : false
				},
				{
					"name" : "k1[28]",
					"strict" : false
				},
				{
					"name" : "k1[27]",
					"strict" : false
				},
				{
					"name" : "k1[26]",
					"strict" : false
				},
				{
					"name" : "k1[25]",
					"strict" : false
				},
				{
					"name" : "k1[24]",
					"strict" : false
				},
				{
					"name" : "k1[23]",
					"strict" : false
				},
				{
					"name" : "k1[22]",
					"strict" : false
				},
				{
					"name" : "k1[21]",
					"strict" : false
				},
				{
					"name" : "k1[20]",
					"strict" : false
				},
				{
					"name" : "k1[19]",
					"strict" : false
				},
				{
					"name" : "k1[18]",
					"strict" : false
				},
				{
					"name" : "k1[17]",
					"strict" : false
				},
				{
					"name" : "k1[16]",
					"strict" : false
				},
				{
					"name" : "k1[15]",
					"strict" : false
				},
				{
					"name" : "k1[14]",
					"strict" : false
				},
				{
					"name" : "k1[13]",
					"strict" : false
				},
				{
					"name" : "k1[12]",
					"strict" : false
				},
				{
					"name" : "k1[11]",
					"strict" : false
				},
				{
					"name" : "k1[10]",
					"strict" : false
				},
				{
					"name" : "k1[9]",
					"strict" : false
				},
				{
					"name" : "k1[8]",
					"strict" : false
				},
				{
					"name" : "k1[7]",
					"strict" : false
				},
				{
					"name" : "k1[6]",
					"strict" : false
				},
				{
					"name" : "k1[5]",
					"strict" : false
				},
				{
					"name" : "k1[4]",
					"strict" : false
				},
				{
					"name" : "k1[3]",
					"strict" : false
				},
				{
					"name" : "k1[2]",
					"strict" : false
				},
				{
					"name" : "k1[1]",
					"strict" : false
				},
				{
					"name" : "k1[0]",
					"strict" : false
				},
				{
					"name" : "LOEX[31]",
					"strict" : false
				},
				{
					"name" : "LOEX[30]",
					"strict" : false
				},
				{
					"name" : "LOEX[29]",
					"strict" : false
				},
				{
					"name" : "LOEX[28]",
					"strict" : false
				},
				{
					"name" : "LOEX[27]",
					"strict" : false
				},
				{
					"name" : "LOEX[26]",
					"strict" : false
				},
				{
					"name" : "LOEX[25]",
					"strict" : false
				},
				{
					"name" : "LOEX[24]",
					"strict" : false
				},
				{
					"name" : "LOEX[23]",
					"strict" : false
				},
				{
					"name" : "LOEX[22]",
					"strict" : false
				},
				{
					"name" : "LOEX[21]",
					"strict" : false
				},
				{
					"name" : "LOEX[20]",
					"strict" : false
				},
				{
					"name" : "LOEX[19]",
					"strict" : false
				},
				{
					"name" : "LOEX[18]",
					"strict" : false
				},
				{
					"name" : "LOEX[17]",
					"strict" : false
				},
				{
					"name" : "LOEX[16]",
					"strict" : false
				},
				{
					"name" : "LOEX[15]",
					"strict" : false
				},
				{
					"name" : "LOEX[14]",
					"strict" : false
				},
				{
					"name" : "LOEX[13]",
					"strict" : false
				},
				{
					"name" : "LOEX[12]",
					"strict" : false
				},
				{
					"name" : "LOEX[11]",
					"strict" : false
				},
				{
					"name" : "LOEX[10]",
					"strict" : false
				},
				{
					"name" : "LOEX[9]",
					"strict" : false
				},
				{
					"name" : "LOEX[8]",
					"strict" : false
				},
				{
					"name" : "LOEX[7]",
					"strict" : false
				},
				{
					"name" : "LOEX[6]",
					"strict" : false
				},
				{
					"name" : "LOEX[5]",
					"strict" : false
				},
				{
					"name" : "LOEX[4]",
					"strict" : false
				},
				{
					"name" : "LOEX[3]",
					"strict" : false
				},
				{
					"name" : "LOEX[2]",
					"strict" : false
				},
				{
					"name" : "LOEX[1]",
					"strict" : false
				},
				{
					"name" : "LOEX[0]",
					"strict" : false
				},
				{
					"name" : "MemWB[31]",
					"strict" : false
				},
				{
					"name" : "MemWB[30]",
					"strict" : false
				},
				{
					"name" : "MemWB[29]",
					"strict" : false
				},
				{
					"name" : "MemWB[28]",
					"strict" : false
				},
				{
					"name" : "MemWB[27]",
					"strict" : false
				},
				{
					"name" : "MemWB[26]",
					"strict" : false
				},
				{
					"name" : "MemWB[25]",
					"strict" : false
				},
				{
					"name" : "MemWB[24]",
					"strict" : false
				},
				{
					"name" : "MemWB[23]",
					"strict" : false
				},
				{
					"name" : "MemWB[22]",
					"strict" : false
				},
				{
					"name" : "MemWB[21]",
					"strict" : false
				},
				{
					"name" : "MemWB[20]",
					"strict" : false
				},
				{
					"name" : "MemWB[19]",
					"strict" : false
				},
				{
					"name" : "MemWB[18]",
					"strict" : false
				},
				{
					"name" : "MemWB[17]",
					"strict" : false
				},
				{
					"name" : "MemWB[16]",
					"strict" : false
				},
				{
					"name" : "MemWB[15]",
					"strict" : false
				},
				{
					"name" : "MemWB[14]",
					"strict" : false
				},
				{
					"name" : "MemWB[13]",
					"strict" : false
				},
				{
					"name" : "MemWB[12]",
					"strict" : false
				},
				{
					"name" : "MemWB[11]",
					"strict" : false
				},
				{
					"name" : "MemWB[10]",
					"strict" : false
				},
				{
					"name" : "MemWB[9]",
					"strict" : false
				},
				{
					"name" : "MemWB[8]",
					"strict" : false
				},
				{
					"name" : "MemWB[7]",
					"strict" : false
				},
				{
					"name" : "MemWB[6]",
					"strict" : false
				},
				{
					"name" : "MemWB[5]",
					"strict" : false
				},
				{
					"name" : "MemWB[4]",
					"strict" : false
				},
				{
					"name" : "MemWB[3]",
					"strict" : false
				},
				{
					"name" : "MemWB[2]",
					"strict" : false
				},
				{
					"name" : "MemWB[1]",
					"strict" : false
				},
				{
					"name" : "MemWB[0]",
					"strict" : false
				},
				{
					"name" : "PCF[31]",
					"strict" : false
				},
				{
					"name" : "PCF[30]",
					"strict" : false
				},
				{
					"name" : "PCF[29]",
					"strict" : false
				},
				{
					"name" : "PCF[28]",
					"strict" : false
				},
				{
					"name" : "PCF[27]",
					"strict" : false
				},
				{
					"name" : "PCF[26]",
					"strict" : false
				},
				{
					"name" : "PCF[25]",
					"strict" : false
				},
				{
					"name" : "PCF[24]",
					"strict" : false
				},
				{
					"name" : "PCF[23]",
					"strict" : false
				},
				{
					"name" : "PCF[22]",
					"strict" : false
				},
				{
					"name" : "PCF[21]",
					"strict" : false
				},
				{
					"name" : "PCF[20]",
					"strict" : false
				},
				{
					"name" : "PCF[19]",
					"strict" : false
				},
				{
					"name" : "PCF[18]",
					"strict" : false
				},
				{
					"name" : "PCF[17]",
					"strict" : false
				},
				{
					"name" : "PCF[16]",
					"strict" : false
				},
				{
					"name" : "PCF[15]",
					"strict" : false
				},
				{
					"name" : "PCF[14]",
					"strict" : false
				},
				{
					"name" : "PCF[13]",
					"strict" : false
				},
				{
					"name" : "PCF[12]",
					"strict" : false
				},
				{
					"name" : "PCF[11]",
					"strict" : false
				},
				{
					"name" : "PCF[10]",
					"strict" : false
				},
				{
					"name" : "PCF[9]",
					"strict" : false
				},
				{
					"name" : "PCF[8]",
					"strict" : false
				},
				{
					"name" : "PCF[7]",
					"strict" : false
				},
				{
					"name" : "PCF[6]",
					"strict" : false
				},
				{
					"name" : "PCF[5]",
					"strict" : false
				},
				{
					"name" : "PCF[4]",
					"strict" : false
				},
				{
					"name" : "PCF[3]",
					"strict" : false
				},
				{
					"name" : "PCF[2]",
					"strict" : false
				},
				{
					"name" : "PCF[1]",
					"strict" : false
				},
				{
					"name" : "PCF[0]",
					"strict" : false
				},
				{
					"name" : "ra[31]",
					"strict" : false
				},
				{
					"name" : "ra[30]",
					"strict" : false
				},
				{
					"name" : "ra[29]",
					"strict" : false
				},
				{
					"name" : "ra[28]",
					"strict" : false
				},
				{
					"name" : "ra[27]",
					"strict" : false
				},
				{
					"name" : "ra[26]",
					"strict" : false
				},
				{
					"name" : "ra[25]",
					"strict" : false
				},
				{
					"name" : "ra[24]",
					"strict" : false
				},
				{
					"name" : "ra[23]",
					"strict" : false
				},
				{
					"name" : "ra[22]",
					"strict" : false
				},
				{
					"name" : "ra[21]",
					"strict" : false
				},
				{
					"name" : "ra[20]",
					"strict" : false
				},
				{
					"name" : "ra[19]",
					"strict" : false
				},
				{
					"name" : "ra[18]",
					"strict" : false
				},
				{
					"name" : "ra[17]",
					"strict" : false
				},
				{
					"name" : "ra[16]",
					"strict" : false
				},
				{
					"name" : "ra[15]",
					"strict" : false
				},
				{
					"name" : "ra[14]",
					"strict" : false
				},
				{
					"name" : "ra[13]",
					"strict" : false
				},
				{
					"name" : "ra[12]",
					"strict" : false
				},
				{
					"name" : "ra[11]",
					"strict" : false
				},
				{
					"name" : "ra[10]",
					"strict" : false
				},
				{
					"name" : "ra[9]",
					"strict" : false
				},
				{
					"name" : "ra[8]",
					"strict" : false
				},
				{
					"name" : "ra[7]",
					"strict" : false
				},
				{
					"name" : "ra[6]",
					"strict" : false
				},
				{
					"name" : "ra[5]",
					"strict" : false
				},
				{
					"name" : "ra[4]",
					"strict" : false
				},
				{
					"name" : "ra[3]",
					"strict" : false
				},
				{
					"name" : "ra[2]",
					"strict" : false
				},
				{
					"name" : "ra[1]",
					"strict" : false
				},
				{
					"name" : "ra[0]",
					"strict" : false
				},
				{
					"name" : "regDestinoWB[4]",
					"strict" : false
				},
				{
					"name" : "regDestinoWB[3]",
					"strict" : false
				},
				{
					"name" : "regDestinoWB[2]",
					"strict" : false
				},
				{
					"name" : "regDestinoWB[1]",
					"strict" : false
				},
				{
					"name" : "regDestinoWB[0]",
					"strict" : false
				},
				{
					"name" : "s0[31]",
					"strict" : false
				},
				{
					"name" : "s0[30]",
					"strict" : false
				},
				{
					"name" : "s0[29]",
					"strict" : false
				},
				{
					"name" : "s0[28]",
					"strict" : false
				},
				{
					"name" : "s0[27]",
					"strict" : false
				},
				{
					"name" : "s0[26]",
					"strict" : false
				},
				{
					"name" : "s0[25]",
					"strict" : false
				},
				{
					"name" : "s0[24]",
					"strict" : false
				},
				{
					"name" : "s0[23]",
					"strict" : false
				},
				{
					"name" : "s0[22]",
					"strict" : false
				},
				{
					"name" : "s0[21]",
					"strict" : false
				},
				{
					"name" : "s0[20]",
					"strict" : false
				},
				{
					"name" : "s0[19]",
					"strict" : false
				},
				{
					"name" : "s0[18]",
					"strict" : false
				},
				{
					"name" : "s0[17]",
					"strict" : false
				},
				{
					"name" : "s0[16]",
					"strict" : false
				},
				{
					"name" : "s0[15]",
					"strict" : false
				},
				{
					"name" : "s0[14]",
					"strict" : false
				},
				{
					"name" : "s0[13]",
					"strict" : false
				},
				{
					"name" : "s0[12]",
					"strict" : false
				},
				{
					"name" : "s0[11]",
					"strict" : false
				},
				{
					"name" : "s0[10]",
					"strict" : false
				},
				{
					"name" : "s0[9]",
					"strict" : false
				},
				{
					"name" : "s0[8]",
					"strict" : false
				},
				{
					"name" : "s0[7]",
					"strict" : false
				},
				{
					"name" : "s0[6]",
					"strict" : false
				},
				{
					"name" : "s0[5]",
					"strict" : false
				},
				{
					"name" : "s0[4]",
					"strict" : false
				},
				{
					"name" : "s0[3]",
					"strict" : false
				},
				{
					"name" : "s0[2]",
					"strict" : false
				},
				{
					"name" : "s0[1]",
					"strict" : false
				},
				{
					"name" : "s0[0]",
					"strict" : false
				},
				{
					"name" : "s1[31]",
					"strict" : false
				},
				{
					"name" : "s1[30]",
					"strict" : false
				},
				{
					"name" : "s1[29]",
					"strict" : false
				},
				{
					"name" : "s1[28]",
					"strict" : false
				},
				{
					"name" : "s1[27]",
					"strict" : false
				},
				{
					"name" : "s1[26]",
					"strict" : false
				},
				{
					"name" : "s1[25]",
					"strict" : false
				},
				{
					"name" : "s1[24]",
					"strict" : false
				},
				{
					"name" : "s1[23]",
					"strict" : false
				},
				{
					"name" : "s1[22]",
					"strict" : false
				},
				{
					"name" : "s1[21]",
					"strict" : false
				},
				{
					"name" : "s1[20]",
					"strict" : false
				},
				{
					"name" : "s1[19]",
					"strict" : false
				},
				{
					"name" : "s1[18]",
					"strict" : false
				},
				{
					"name" : "s1[17]",
					"strict" : false
				},
				{
					"name" : "s1[16]",
					"strict" : false
				},
				{
					"name" : "s1[15]",
					"strict" : false
				},
				{
					"name" : "s1[14]",
					"strict" : false
				},
				{
					"name" : "s1[13]",
					"strict" : false
				},
				{
					"name" : "s1[12]",
					"strict" : false
				},
				{
					"name" : "s1[11]",
					"strict" : false
				},
				{
					"name" : "s1[10]",
					"strict" : false
				},
				{
					"name" : "s1[9]",
					"strict" : false
				},
				{
					"name" : "s1[8]",
					"strict" : false
				},
				{
					"name" : "s1[7]",
					"strict" : false
				},
				{
					"name" : "s1[6]",
					"strict" : false
				},
				{
					"name" : "s1[5]",
					"strict" : false
				},
				{
					"name" : "s1[4]",
					"strict" : false
				},
				{
					"name" : "s1[3]",
					"strict" : false
				},
				{
					"name" : "s1[2]",
					"strict" : false
				},
				{
					"name" : "s1[1]",
					"strict" : false
				},
				{
					"name" : "s1[0]",
					"strict" : false
				},
				{
					"name" : "s2[31]",
					"strict" : false
				},
				{
					"name" : "s2[30]",
					"strict" : false
				},
				{
					"name" : "s2[29]",
					"strict" : false
				},
				{
					"name" : "s2[28]",
					"strict" : false
				},
				{
					"name" : "s2[27]",
					"strict" : false
				},
				{
					"name" : "s2[26]",
					"strict" : false
				},
				{
					"name" : "s2[25]",
					"strict" : false
				},
				{
					"name" : "s2[24]",
					"strict" : false
				},
				{
					"name" : "s2[23]",
					"strict" : false
				},
				{
					"name" : "s2[22]",
					"strict" : false
				},
				{
					"name" : "s2[21]",
					"strict" : false
				},
				{
					"name" : "s2[20]",
					"strict" : false
				},
				{
					"name" : "s2[19]",
					"strict" : false
				},
				{
					"name" : "s2[18]",
					"strict" : false
				},
				{
					"name" : "s2[17]",
					"strict" : false
				},
				{
					"name" : "s2[16]",
					"strict" : false
				},
				{
					"name" : "s2[15]",
					"strict" : false
				},
				{
					"name" : "s2[14]",
					"strict" : false
				},
				{
					"name" : "s2[13]",
					"strict" : false
				},
				{
					"name" : "s2[12]",
					"strict" : false
				},
				{
					"name" : "s2[11]",
					"strict" : false
				},
				{
					"name" : "s2[10]",
					"strict" : false
				},
				{
					"name" : "s2[9]",
					"strict" : false
				},
				{
					"name" : "s2[8]",
					"strict" : false
				},
				{
					"name" : "s2[7]",
					"strict" : false
				},
				{
					"name" : "s2[6]",
					"strict" : false
				},
				{
					"name" : "s2[5]",
					"strict" : false
				},
				{
					"name" : "s2[4]",
					"strict" : false
				},
				{
					"name" : "s2[3]",
					"strict" : false
				},
				{
					"name" : "s2[2]",
					"strict" : false
				},
				{
					"name" : "s2[1]",
					"strict" : false
				},
				{
					"name" : "s2[0]",
					"strict" : false
				},
				{
					"name" : "s3[31]",
					"strict" : false
				},
				{
					"name" : "s3[30]",
					"strict" : false
				},
				{
					"name" : "s3[29]",
					"strict" : false
				},
				{
					"name" : "s3[28]",
					"strict" : false
				},
				{
					"name" : "s3[27]",
					"strict" : false
				},
				{
					"name" : "s3[26]",
					"strict" : false
				},
				{
					"name" : "s3[25]",
					"strict" : false
				},
				{
					"name" : "s3[24]",
					"strict" : false
				},
				{
					"name" : "s3[23]",
					"strict" : false
				},
				{
					"name" : "s3[22]",
					"strict" : false
				},
				{
					"name" : "s3[21]",
					"strict" : false
				},
				{
					"name" : "s3[20]",
					"strict" : false
				},
				{
					"name" : "s3[19]",
					"strict" : false
				},
				{
					"name" : "s3[18]",
					"strict" : false
				},
				{
					"name" : "s3[17]",
					"strict" : false
				},
				{
					"name" : "s3[16]",
					"strict" : false
				},
				{
					"name" : "s3[15]",
					"strict" : false
				},
				{
					"name" : "s3[14]",
					"strict" : false
				},
				{
					"name" : "s3[13]",
					"strict" : false
				},
				{
					"name" : "s3[12]",
					"strict" : false
				},
				{
					"name" : "s3[11]",
					"strict" : false
				},
				{
					"name" : "s3[10]",
					"strict" : false
				},
				{
					"name" : "s3[9]",
					"strict" : false
				},
				{
					"name" : "s3[8]",
					"strict" : false
				},
				{
					"name" : "s3[7]",
					"strict" : false
				},
				{
					"name" : "s3[6]",
					"strict" : false
				},
				{
					"name" : "s3[5]",
					"strict" : false
				},
				{
					"name" : "s3[4]",
					"strict" : false
				},
				{
					"name" : "s3[3]",
					"strict" : false
				},
				{
					"name" : "s3[2]",
					"strict" : false
				},
				{
					"name" : "s3[1]",
					"strict" : false
				},
				{
					"name" : "s3[0]",
					"strict" : false
				},
				{
					"name" : "s4[31]",
					"strict" : false
				},
				{
					"name" : "s4[30]",
					"strict" : false
				},
				{
					"name" : "s4[29]",
					"strict" : false
				},
				{
					"name" : "s4[28]",
					"strict" : false
				},
				{
					"name" : "s4[27]",
					"strict" : false
				},
				{
					"name" : "s4[26]",
					"strict" : false
				},
				{
					"name" : "s4[25]",
					"strict" : false
				},
				{
					"name" : "s4[24]",
					"strict" : false
				},
				{
					"name" : "s4[23]",
					"strict" : false
				},
				{
					"name" : "s4[22]",
					"strict" : false
				},
				{
					"name" : "s4[21]",
					"strict" : false
				},
				{
					"name" : "s4[20]",
					"strict" : false
				},
				{
					"name" : "s4[19]",
					"strict" : false
				},
				{
					"name" : "s4[18]",
					"strict" : false
				},
				{
					"name" : "s4[17]",
					"strict" : false
				},
				{
					"name" : "s4[16]",
					"strict" : false
				},
				{
					"name" : "s4[15]",
					"strict" : false
				},
				{
					"name" : "s4[14]",
					"strict" : false
				},
				{
					"name" : "s4[13]",
					"strict" : false
				},
				{
					"name" : "s4[12]",
					"strict" : false
				},
				{
					"name" : "s4[11]",
					"strict" : false
				},
				{
					"name" : "s4[10]",
					"strict" : false
				},
				{
					"name" : "s4[9]",
					"strict" : false
				},
				{
					"name" : "s4[8]",
					"strict" : false
				},
				{
					"name" : "s4[7]",
					"strict" : false
				},
				{
					"name" : "s4[6]",
					"strict" : false
				},
				{
					"name" : "s4[5]",
					"strict" : false
				},
				{
					"name" : "s4[4]",
					"strict" : false
				},
				{
					"name" : "s4[3]",
					"strict" : false
				},
				{
					"name" : "s4[2]",
					"strict" : false
				},
				{
					"name" : "s4[1]",
					"strict" : false
				},
				{
					"name" : "s4[0]",
					"strict" : false
				},
				{
					"name" : "s5[31]",
					"strict" : false
				},
				{
					"name" : "s5[30]",
					"strict" : false
				},
				{
					"name" : "s5[29]",
					"strict" : false
				},
				{
					"name" : "s5[28]",
					"strict" : false
				},
				{
					"name" : "s5[27]",
					"strict" : false
				},
				{
					"name" : "s5[26]",
					"strict" : false
				},
				{
					"name" : "s5[25]",
					"strict" : false
				},
				{
					"name" : "s5[24]",
					"strict" : false
				},
				{
					"name" : "s5[23]",
					"strict" : false
				},
				{
					"name" : "s5[22]",
					"strict" : false
				},
				{
					"name" : "s5[21]",
					"strict" : false
				},
				{
					"name" : "s5[20]",
					"strict" : false
				},
				{
					"name" : "s5[19]",
					"strict" : false
				},
				{
					"name" : "s5[18]",
					"strict" : false
				},
				{
					"name" : "s5[17]",
					"strict" : false
				},
				{
					"name" : "s5[16]",
					"strict" : false
				},
				{
					"name" : "s5[15]",
					"strict" : false
				},
				{
					"name" : "s5[14]",
					"strict" : false
				},
				{
					"name" : "s5[13]",
					"strict" : false
				},
				{
					"name" : "s5[12]",
					"strict" : false
				},
				{
					"name" : "s5[11]",
					"strict" : false
				},
				{
					"name" : "s5[10]",
					"strict" : false
				},
				{
					"name" : "s5[9]",
					"strict" : false
				},
				{
					"name" : "s5[8]",
					"strict" : false
				},
				{
					"name" : "s5[7]",
					"strict" : false
				},
				{
					"name" : "s5[6]",
					"strict" : false
				},
				{
					"name" : "s5[5]",
					"strict" : false
				},
				{
					"name" : "s5[4]",
					"strict" : false
				},
				{
					"name" : "s5[3]",
					"strict" : false
				},
				{
					"name" : "s5[2]",
					"strict" : false
				},
				{
					"name" : "s5[1]",
					"strict" : false
				},
				{
					"name" : "s5[0]",
					"strict" : false
				},
				{
					"name" : "s6[31]",
					"strict" : false
				},
				{
					"name" : "s6[30]",
					"strict" : false
				},
				{
					"name" : "s6[29]",
					"strict" : false
				},
				{
					"name" : "s6[28]",
					"strict" : false
				},
				{
					"name" : "s6[27]",
					"strict" : false
				},
				{
					"name" : "s6[26]",
					"strict" : false
				},
				{
					"name" : "s6[25]",
					"strict" : false
				},
				{
					"name" : "s6[24]",
					"strict" : false
				},
				{
					"name" : "s6[23]",
					"strict" : false
				},
				{
					"name" : "s6[22]",
					"strict" : false
				},
				{
					"name" : "s6[21]",
					"strict" : false
				},
				{
					"name" : "s6[20]",
					"strict" : false
				},
				{
					"name" : "s6[19]",
					"strict" : false
				},
				{
					"name" : "s6[18]",
					"strict" : false
				},
				{
					"name" : "s6[17]",
					"strict" : false
				},
				{
					"name" : "s6[16]",
					"strict" : false
				},
				{
					"name" : "s6[15]",
					"strict" : false
				},
				{
					"name" : "s6[14]",
					"strict" : false
				},
				{
					"name" : "s6[13]",
					"strict" : false
				},
				{
					"name" : "s6[12]",
					"strict" : false
				},
				{
					"name" : "s6[11]",
					"strict" : false
				},
				{
					"name" : "s6[10]",
					"strict" : false
				},
				{
					"name" : "s6[9]",
					"strict" : false
				},
				{
					"name" : "s6[8]",
					"strict" : false
				},
				{
					"name" : "s6[7]",
					"strict" : false
				},
				{
					"name" : "s6[6]",
					"strict" : false
				},
				{
					"name" : "s6[5]",
					"strict" : false
				},
				{
					"name" : "s6[4]",
					"strict" : false
				},
				{
					"name" : "s6[3]",
					"strict" : false
				},
				{
					"name" : "s6[2]",
					"strict" : false
				},
				{
					"name" : "s6[1]",
					"strict" : false
				},
				{
					"name" : "s6[0]",
					"strict" : false
				},
				{
					"name" : "s7[31]",
					"strict" : false
				},
				{
					"name" : "s7[30]",
					"strict" : false
				},
				{
					"name" : "s7[29]",
					"strict" : false
				},
				{
					"name" : "s7[28]",
					"strict" : false
				},
				{
					"name" : "s7[27]",
					"strict" : false
				},
				{
					"name" : "s7[26]",
					"strict" : false
				},
				{
					"name" : "s7[25]",
					"strict" : false
				},
				{
					"name" : "s7[24]",
					"strict" : false
				},
				{
					"name" : "s7[23]",
					"strict" : false
				},
				{
					"name" : "s7[22]",
					"strict" : false
				},
				{
					"name" : "s7[21]",
					"strict" : false
				},
				{
					"name" : "s7[20]",
					"strict" : false
				},
				{
					"name" : "s7[19]",
					"strict" : false
				},
				{
					"name" : "s7[18]",
					"strict" : false
				},
				{
					"name" : "s7[17]",
					"strict" : false
				},
				{
					"name" : "s7[16]",
					"strict" : false
				},
				{
					"name" : "s7[15]",
					"strict" : false
				},
				{
					"name" : "s7[14]",
					"strict" : false
				},
				{
					"name" : "s7[13]",
					"strict" : false
				},
				{
					"name" : "s7[12]",
					"strict" : false
				},
				{
					"name" : "s7[11]",
					"strict" : false
				},
				{
					"name" : "s7[10]",
					"strict" : false
				},
				{
					"name" : "s7[9]",
					"strict" : false
				},
				{
					"name" : "s7[8]",
					"strict" : false
				},
				{
					"name" : "s7[7]",
					"strict" : false
				},
				{
					"name" : "s7[6]",
					"strict" : false
				},
				{
					"name" : "s7[5]",
					"strict" : false
				},
				{
					"name" : "s7[4]",
					"strict" : false
				},
				{
					"name" : "s7[3]",
					"strict" : false
				},
				{
					"name" : "s7[2]",
					"strict" : false
				},
				{
					"name" : "s7[1]",
					"strict" : false
				},
				{
					"name" : "s7[0]",
					"strict" : false
				},
				{
					"name" : "SaidaWB[31]",
					"strict" : false
				},
				{
					"name" : "SaidaWB[30]",
					"strict" : false
				},
				{
					"name" : "SaidaWB[29]",
					"strict" : false
				},
				{
					"name" : "SaidaWB[28]",
					"strict" : false
				},
				{
					"name" : "SaidaWB[27]",
					"strict" : false
				},
				{
					"name" : "SaidaWB[26]",
					"strict" : false
				},
				{
					"name" : "SaidaWB[25]",
					"strict" : false
				},
				{
					"name" : "SaidaWB[24]",
					"strict" : false
				},
				{
					"name" : "SaidaWB[23]",
					"strict" : false
				},
				{
					"name" : "SaidaWB[22]",
					"strict" : false
				},
				{
					"name" : "SaidaWB[21]",
					"strict" : false
				},
				{
					"name" : "SaidaWB[20]",
					"strict" : false
				},
				{
					"name" : "SaidaWB[19]",
					"strict" : false
				},
				{
					"name" : "SaidaWB[18]",
					"strict" : false
				},
				{
					"name" : "SaidaWB[17]",
					"strict" : false
				},
				{
					"name" : "SaidaWB[16]",
					"strict" : false
				},
				{
					"name" : "SaidaWB[15]",
					"strict" : false
				},
				{
					"name" : "SaidaWB[14]",
					"strict" : false
				},
				{
					"name" : "SaidaWB[13]",
					"strict" : false
				},
				{
					"name" : "SaidaWB[12]",
					"strict" : false
				},
				{
					"name" : "SaidaWB[11]",
					"strict" : false
				},
				{
					"name" : "SaidaWB[10]",
					"strict" : false
				},
				{
					"name" : "SaidaWB[9]",
					"strict" : false
				},
				{
					"name" : "SaidaWB[8]",
					"strict" : false
				},
				{
					"name" : "SaidaWB[7]",
					"strict" : false
				},
				{
					"name" : "SaidaWB[6]",
					"strict" : false
				},
				{
					"name" : "SaidaWB[5]",
					"strict" : false
				},
				{
					"name" : "SaidaWB[4]",
					"strict" : false
				},
				{
					"name" : "SaidaWB[3]",
					"strict" : false
				},
				{
					"name" : "SaidaWB[2]",
					"strict" : false
				},
				{
					"name" : "SaidaWB[1]",
					"strict" : false
				},
				{
					"name" : "SaidaWB[0]",
					"strict" : false
				},
				{
					"name" : "shamt[4]",
					"strict" : false
				},
				{
					"name" : "shamt[3]",
					"strict" : false
				},
				{
					"name" : "shamt[2]",
					"strict" : false
				},
				{
					"name" : "shamt[1]",
					"strict" : false
				},
				{
					"name" : "shamt[0]",
					"strict" : false
				},
				{
					"name" : "sp[31]",
					"strict" : false
				},
				{
					"name" : "sp[30]",
					"strict" : false
				},
				{
					"name" : "sp[29]",
					"strict" : false
				},
				{
					"name" : "sp[28]",
					"strict" : false
				},
				{
					"name" : "sp[27]",
					"strict" : false
				},
				{
					"name" : "sp[26]",
					"strict" : false
				},
				{
					"name" : "sp[25]",
					"strict" : false
				},
				{
					"name" : "sp[24]",
					"strict" : false
				},
				{
					"name" : "sp[23]",
					"strict" : false
				},
				{
					"name" : "sp[22]",
					"strict" : false
				},
				{
					"name" : "sp[21]",
					"strict" : false
				},
				{
					"name" : "sp[20]",
					"strict" : false
				},
				{
					"name" : "sp[19]",
					"strict" : false
				},
				{
					"name" : "sp[18]",
					"strict" : false
				},
				{
					"name" : "sp[17]",
					"strict" : false
				},
				{
					"name" : "sp[16]",
					"strict" : false
				},
				{
					"name" : "sp[15]",
					"strict" : false
				},
				{
					"name" : "sp[14]",
					"strict" : false
				},
				{
					"name" : "sp[13]",
					"strict" : false
				},
				{
					"name" : "sp[12]",
					"strict" : false
				},
				{
					"name" : "sp[11]",
					"strict" : false
				},
				{
					"name" : "sp[10]",
					"strict" : false
				},
				{
					"name" : "sp[9]",
					"strict" : false
				},
				{
					"name" : "sp[8]",
					"strict" : false
				},
				{
					"name" : "sp[7]",
					"strict" : false
				},
				{
					"name" : "sp[6]",
					"strict" : false
				},
				{
					"name" : "sp[5]",
					"strict" : false
				},
				{
					"name" : "sp[4]",
					"strict" : false
				},
				{
					"name" : "sp[3]",
					"strict" : false
				},
				{
					"name" : "sp[2]",
					"strict" : false
				},
				{
					"name" : "sp[1]",
					"strict" : false
				},
				{
					"name" : "sp[0]",
					"strict" : false
				},
				{
					"name" : "t0[31]",
					"strict" : false
				},
				{
					"name" : "t0[30]",
					"strict" : false
				},
				{
					"name" : "t0[29]",
					"strict" : false
				},
				{
					"name" : "t0[28]",
					"strict" : false
				},
				{
					"name" : "t0[27]",
					"strict" : false
				},
				{
					"name" : "t0[26]",
					"strict" : false
				},
				{
					"name" : "t0[25]",
					"strict" : false
				},
				{
					"name" : "t0[24]",
					"strict" : false
				},
				{
					"name" : "t0[23]",
					"strict" : false
				},
				{
					"name" : "t0[22]",
					"strict" : false
				},
				{
					"name" : "t0[21]",
					"strict" : false
				},
				{
					"name" : "t0[20]",
					"strict" : false
				},
				{
					"name" : "t0[19]",
					"strict" : false
				},
				{
					"name" : "t0[18]",
					"strict" : false
				},
				{
					"name" : "t0[17]",
					"strict" : false
				},
				{
					"name" : "t0[16]",
					"strict" : false
				},
				{
					"name" : "t0[15]",
					"strict" : false
				},
				{
					"name" : "t0[14]",
					"strict" : false
				},
				{
					"name" : "t0[13]",
					"strict" : false
				},
				{
					"name" : "t0[12]",
					"strict" : false
				},
				{
					"name" : "t0[11]",
					"strict" : false
				},
				{
					"name" : "t0[10]",
					"strict" : false
				},
				{
					"name" : "t0[9]",
					"strict" : false
				},
				{
					"name" : "t0[8]",
					"strict" : false
				},
				{
					"name" : "t0[7]",
					"strict" : false
				},
				{
					"name" : "t0[6]",
					"strict" : false
				},
				{
					"name" : "t0[5]",
					"strict" : false
				},
				{
					"name" : "t0[4]",
					"strict" : false
				},
				{
					"name" : "t0[3]",
					"strict" : false
				},
				{
					"name" : "t0[2]",
					"strict" : false
				},
				{
					"name" : "t0[1]",
					"strict" : false
				},
				{
					"name" : "t0[0]",
					"strict" : false
				},
				{
					"name" : "t1[31]",
					"strict" : false
				},
				{
					"name" : "t1[30]",
					"strict" : false
				},
				{
					"name" : "t1[29]",
					"strict" : false
				},
				{
					"name" : "t1[28]",
					"strict" : false
				},
				{
					"name" : "t1[27]",
					"strict" : false
				},
				{
					"name" : "t1[26]",
					"strict" : false
				},
				{
					"name" : "t1[25]",
					"strict" : false
				},
				{
					"name" : "t1[24]",
					"strict" : false
				},
				{
					"name" : "t1[23]",
					"strict" : false
				},
				{
					"name" : "t1[22]",
					"strict" : false
				},
				{
					"name" : "t1[21]",
					"strict" : false
				},
				{
					"name" : "t1[20]",
					"strict" : false
				},
				{
					"name" : "t1[19]",
					"strict" : false
				},
				{
					"name" : "t1[18]",
					"strict" : false
				},
				{
					"name" : "t1[17]",
					"strict" : false
				},
				{
					"name" : "t1[16]",
					"strict" : false
				},
				{
					"name" : "t1[15]",
					"strict" : false
				},
				{
					"name" : "t1[14]",
					"strict" : false
				},
				{
					"name" : "t1[13]",
					"strict" : false
				},
				{
					"name" : "t1[12]",
					"strict" : false
				},
				{
					"name" : "t1[11]",
					"strict" : false
				},
				{
					"name" : "t1[10]",
					"strict" : false
				},
				{
					"name" : "t1[9]",
					"strict" : false
				},
				{
					"name" : "t1[8]",
					"strict" : false
				},
				{
					"name" : "t1[7]",
					"strict" : false
				},
				{
					"name" : "t1[6]",
					"strict" : false
				},
				{
					"name" : "t1[5]",
					"strict" : false
				},
				{
					"name" : "t1[4]",
					"strict" : false
				},
				{
					"name" : "t1[3]",
					"strict" : false
				},
				{
					"name" : "t1[2]",
					"strict" : false
				},
				{
					"name" : "t1[1]",
					"strict" : false
				},
				{
					"name" : "t1[0]",
					"strict" : false
				},
				{
					"name" : "t2[31]",
					"strict" : false
				},
				{
					"name" : "t2[30]",
					"strict" : false
				},
				{
					"name" : "t2[29]",
					"strict" : false
				},
				{
					"name" : "t2[28]",
					"strict" : false
				},
				{
					"name" : "t2[27]",
					"strict" : false
				},
				{
					"name" : "t2[26]",
					"strict" : false
				},
				{
					"name" : "t2[25]",
					"strict" : false
				},
				{
					"name" : "t2[24]",
					"strict" : false
				},
				{
					"name" : "t2[23]",
					"strict" : false
				},
				{
					"name" : "t2[22]",
					"strict" : false
				},
				{
					"name" : "t2[21]",
					"strict" : false
				},
				{
					"name" : "t2[20]",
					"strict" : false
				},
				{
					"name" : "t2[19]",
					"strict" : false
				},
				{
					"name" : "t2[18]",
					"strict" : false
				},
				{
					"name" : "t2[17]",
					"strict" : false
				},
				{
					"name" : "t2[16]",
					"strict" : false
				},
				{
					"name" : "t2[15]",
					"strict" : false
				},
				{
					"name" : "t2[14]",
					"strict" : false
				},
				{
					"name" : "t2[13]",
					"strict" : false
				},
				{
					"name" : "t2[12]",
					"strict" : false
				},
				{
					"name" : "t2[11]",
					"strict" : false
				},
				{
					"name" : "t2[10]",
					"strict" : false
				},
				{
					"name" : "t2[9]",
					"strict" : false
				},
				{
					"name" : "t2[8]",
					"strict" : false
				},
				{
					"name" : "t2[7]",
					"strict" : false
				},
				{
					"name" : "t2[6]",
					"strict" : false
				},
				{
					"name" : "t2[5]",
					"strict" : false
				},
				{
					"name" : "t2[4]",
					"strict" : false
				},
				{
					"name" : "t2[3]",
					"strict" : false
				},
				{
					"name" : "t2[2]",
					"strict" : false
				},
				{
					"name" : "t2[1]",
					"strict" : false
				},
				{
					"name" : "t2[0]",
					"strict" : false
				},
				{
					"name" : "t3[31]",
					"strict" : false
				},
				{
					"name" : "t3[30]",
					"strict" : false
				},
				{
					"name" : "t3[29]",
					"strict" : false
				},
				{
					"name" : "t3[28]",
					"strict" : false
				},
				{
					"name" : "t3[27]",
					"strict" : false
				},
				{
					"name" : "t3[26]",
					"strict" : false
				},
				{
					"name" : "t3[25]",
					"strict" : false
				},
				{
					"name" : "t3[24]",
					"strict" : false
				},
				{
					"name" : "t3[23]",
					"strict" : false
				},
				{
					"name" : "t3[22]",
					"strict" : false
				},
				{
					"name" : "t3[21]",
					"strict" : false
				},
				{
					"name" : "t3[20]",
					"strict" : false
				},
				{
					"name" : "t3[19]",
					"strict" : false
				},
				{
					"name" : "t3[18]",
					"strict" : false
				},
				{
					"name" : "t3[17]",
					"strict" : false
				},
				{
					"name" : "t3[16]",
					"strict" : false
				},
				{
					"name" : "t3[15]",
					"strict" : false
				},
				{
					"name" : "t3[14]",
					"strict" : false
				},
				{
					"name" : "t3[13]",
					"strict" : false
				},
				{
					"name" : "t3[12]",
					"strict" : false
				},
				{
					"name" : "t3[11]",
					"strict" : false
				},
				{
					"name" : "t3[10]",
					"strict" : false
				},
				{
					"name" : "t3[9]",
					"strict" : false
				},
				{
					"name" : "t3[8]",
					"strict" : false
				},
				{
					"name" : "t3[7]",
					"strict" : false
				},
				{
					"name" : "t3[6]",
					"strict" : false
				},
				{
					"name" : "t3[5]",
					"strict" : false
				},
				{
					"name" : "t3[4]",
					"strict" : false
				},
				{
					"name" : "t3[3]",
					"strict" : false
				},
				{
					"name" : "t3[2]",
					"strict" : false
				},
				{
					"name" : "t3[1]",
					"strict" : false
				},
				{
					"name" : "t3[0]",
					"strict" : false
				},
				{
					"name" : "t4[31]",
					"strict" : false
				},
				{
					"name" : "t4[30]",
					"strict" : false
				},
				{
					"name" : "t4[29]",
					"strict" : false
				},
				{
					"name" : "t4[28]",
					"strict" : false
				},
				{
					"name" : "t4[27]",
					"strict" : false
				},
				{
					"name" : "t4[26]",
					"strict" : false
				},
				{
					"name" : "t4[25]",
					"strict" : false
				},
				{
					"name" : "t4[24]",
					"strict" : false
				},
				{
					"name" : "t4[23]",
					"strict" : false
				},
				{
					"name" : "t4[22]",
					"strict" : false
				},
				{
					"name" : "t4[21]",
					"strict" : false
				},
				{
					"name" : "t4[20]",
					"strict" : false
				},
				{
					"name" : "t4[19]",
					"strict" : false
				},
				{
					"name" : "t4[18]",
					"strict" : false
				},
				{
					"name" : "t4[17]",
					"strict" : false
				},
				{
					"name" : "t4[16]",
					"strict" : false
				},
				{
					"name" : "t4[15]",
					"strict" : false
				},
				{
					"name" : "t4[14]",
					"strict" : false
				},
				{
					"name" : "t4[13]",
					"strict" : false
				},
				{
					"name" : "t4[12]",
					"strict" : false
				},
				{
					"name" : "t4[11]",
					"strict" : false
				},
				{
					"name" : "t4[10]",
					"strict" : false
				},
				{
					"name" : "t4[9]",
					"strict" : false
				},
				{
					"name" : "t4[8]",
					"strict" : false
				},
				{
					"name" : "t4[7]",
					"strict" : false
				},
				{
					"name" : "t4[6]",
					"strict" : false
				},
				{
					"name" : "t4[5]",
					"strict" : false
				},
				{
					"name" : "t4[4]",
					"strict" : false
				},
				{
					"name" : "t4[3]",
					"strict" : false
				},
				{
					"name" : "t4[2]",
					"strict" : false
				},
				{
					"name" : "t4[1]",
					"strict" : false
				},
				{
					"name" : "t4[0]",
					"strict" : false
				},
				{
					"name" : "t5[31]",
					"strict" : false
				},
				{
					"name" : "t5[30]",
					"strict" : false
				},
				{
					"name" : "t5[29]",
					"strict" : false
				},
				{
					"name" : "t5[28]",
					"strict" : false
				},
				{
					"name" : "t5[27]",
					"strict" : false
				},
				{
					"name" : "t5[26]",
					"strict" : false
				},
				{
					"name" : "t5[25]",
					"strict" : false
				},
				{
					"name" : "t5[24]",
					"strict" : false
				},
				{
					"name" : "t5[23]",
					"strict" : false
				},
				{
					"name" : "t5[22]",
					"strict" : false
				},
				{
					"name" : "t5[21]",
					"strict" : false
				},
				{
					"name" : "t5[20]",
					"strict" : false
				},
				{
					"name" : "t5[19]",
					"strict" : false
				},
				{
					"name" : "t5[18]",
					"strict" : false
				},
				{
					"name" : "t5[17]",
					"strict" : false
				},
				{
					"name" : "t5[16]",
					"strict" : false
				},
				{
					"name" : "t5[15]",
					"strict" : false
				},
				{
					"name" : "t5[14]",
					"strict" : false
				},
				{
					"name" : "t5[13]",
					"strict" : false
				},
				{
					"name" : "t5[12]",
					"strict" : false
				},
				{
					"name" : "t5[11]",
					"strict" : false
				},
				{
					"name" : "t5[10]",
					"strict" : false
				},
				{
					"name" : "t5[9]",
					"strict" : false
				},
				{
					"name" : "t5[8]",
					"strict" : false
				},
				{
					"name" : "t5[7]",
					"strict" : false
				},
				{
					"name" : "t5[6]",
					"strict" : false
				},
				{
					"name" : "t5[5]",
					"strict" : false
				},
				{
					"name" : "t5[4]",
					"strict" : false
				},
				{
					"name" : "t5[3]",
					"strict" : false
				},
				{
					"name" : "t5[2]",
					"strict" : false
				},
				{
					"name" : "t5[1]",
					"strict" : false
				},
				{
					"name" : "t5[0]",
					"strict" : false
				},
				{
					"name" : "t6[31]",
					"strict" : false
				},
				{
					"name" : "t6[30]",
					"strict" : false
				},
				{
					"name" : "t6[29]",
					"strict" : false
				},
				{
					"name" : "t6[28]",
					"strict" : false
				},
				{
					"name" : "t6[27]",
					"strict" : false
				},
				{
					"name" : "t6[26]",
					"strict" : false
				},
				{
					"name" : "t6[25]",
					"strict" : false
				},
				{
					"name" : "t6[24]",
					"strict" : false
				},
				{
					"name" : "t6[23]",
					"strict" : false
				},
				{
					"name" : "t6[22]",
					"strict" : false
				},
				{
					"name" : "t6[21]",
					"strict" : false
				},
				{
					"name" : "t6[20]",
					"strict" : false
				},
				{
					"name" : "t6[19]",
					"strict" : false
				},
				{
					"name" : "t6[18]",
					"strict" : false
				},
				{
					"name" : "t6[17]",
					"strict" : false
				},
				{
					"name" : "t6[16]",
					"strict" : false
				},
				{
					"name" : "t6[15]",
					"strict" : false
				},
				{
					"name" : "t6[14]",
					"strict" : false
				},
				{
					"name" : "t6[13]",
					"strict" : false
				},
				{
					"name" : "t6[12]",
					"strict" : false
				},
				{
					"name" : "t6[11]",
					"strict" : false
				},
				{
					"name" : "t6[10]",
					"strict" : false
				},
				{
					"name" : "t6[9]",
					"strict" : false
				},
				{
					"name" : "t6[8]",
					"strict" : false
				},
				{
					"name" : "t6[7]",
					"strict" : false
				},
				{
					"name" : "t6[6]",
					"strict" : false
				},
				{
					"name" : "t6[5]",
					"strict" : false
				},
				{
					"name" : "t6[4]",
					"strict" : false
				},
				{
					"name" : "t6[3]",
					"strict" : false
				},
				{
					"name" : "t6[2]",
					"strict" : false
				},
				{
					"name" : "t6[1]",
					"strict" : false
				},
				{
					"name" : "t6[0]",
					"strict" : false
				},
				{
					"name" : "t7[31]",
					"strict" : false
				},
				{
					"name" : "t7[30]",
					"strict" : false
				},
				{
					"name" : "t7[29]",
					"strict" : false
				},
				{
					"name" : "t7[28]",
					"strict" : false
				},
				{
					"name" : "t7[27]",
					"strict" : false
				},
				{
					"name" : "t7[26]",
					"strict" : false
				},
				{
					"name" : "t7[25]",
					"strict" : false
				},
				{
					"name" : "t7[24]",
					"strict" : false
				},
				{
					"name" : "t7[23]",
					"strict" : false
				},
				{
					"name" : "t7[22]",
					"strict" : false
				},
				{
					"name" : "t7[21]",
					"strict" : false
				},
				{
					"name" : "t7[20]",
					"strict" : false
				},
				{
					"name" : "t7[19]",
					"strict" : false
				},
				{
					"name" : "t7[18]",
					"strict" : false
				},
				{
					"name" : "t7[17]",
					"strict" : false
				},
				{
					"name" : "t7[16]",
					"strict" : false
				},
				{
					"name" : "t7[15]",
					"strict" : false
				},
				{
					"name" : "t7[14]",
					"strict" : false
				},
				{
					"name" : "t7[13]",
					"strict" : false
				},
				{
					"name" : "t7[12]",
					"strict" : false
				},
				{
					"name" : "t7[11]",
					"strict" : false
				},
				{
					"name" : "t7[10]",
					"strict" : false
				},
				{
					"name" : "t7[9]",
					"strict" : false
				},
				{
					"name" : "t7[8]",
					"strict" : false
				},
				{
					"name" : "t7[7]",
					"strict" : false
				},
				{
					"name" : "t7[6]",
					"strict" : false
				},
				{
					"name" : "t7[5]",
					"strict" : false
				},
				{
					"name" : "t7[4]",
					"strict" : false
				},
				{
					"name" : "t7[3]",
					"strict" : false
				},
				{
					"name" : "t7[2]",
					"strict" : false
				},
				{
					"name" : "t7[1]",
					"strict" : false
				},
				{
					"name" : "t7[0]",
					"strict" : false
				},
				{
					"name" : "t8[31]",
					"strict" : false
				},
				{
					"name" : "t8[30]",
					"strict" : false
				},
				{
					"name" : "t8[29]",
					"strict" : false
				},
				{
					"name" : "t8[28]",
					"strict" : false
				},
				{
					"name" : "t8[27]",
					"strict" : false
				},
				{
					"name" : "t8[26]",
					"strict" : false
				},
				{
					"name" : "t8[25]",
					"strict" : false
				},
				{
					"name" : "t8[24]",
					"strict" : false
				},
				{
					"name" : "t8[23]",
					"strict" : false
				},
				{
					"name" : "t8[22]",
					"strict" : false
				},
				{
					"name" : "t8[21]",
					"strict" : false
				},
				{
					"name" : "t8[20]",
					"strict" : false
				},
				{
					"name" : "t8[19]",
					"strict" : false
				},
				{
					"name" : "t8[18]",
					"strict" : false
				},
				{
					"name" : "t8[17]",
					"strict" : false
				},
				{
					"name" : "t8[16]",
					"strict" : false
				},
				{
					"name" : "t8[15]",
					"strict" : false
				},
				{
					"name" : "t8[14]",
					"strict" : false
				},
				{
					"name" : "t8[13]",
					"strict" : false
				},
				{
					"name" : "t8[12]",
					"strict" : false
				},
				{
					"name" : "t8[11]",
					"strict" : false
				},
				{
					"name" : "t8[10]",
					"strict" : false
				},
				{
					"name" : "t8[9]",
					"strict" : false
				},
				{
					"name" : "t8[8]",
					"strict" : false
				},
				{
					"name" : "t8[7]",
					"strict" : false
				},
				{
					"name" : "t8[6]",
					"strict" : false
				},
				{
					"name" : "t8[5]",
					"strict" : false
				},
				{
					"name" : "t8[4]",
					"strict" : false
				},
				{
					"name" : "t8[3]",
					"strict" : false
				},
				{
					"name" : "t8[2]",
					"strict" : false
				},
				{
					"name" : "t8[1]",
					"strict" : false
				},
				{
					"name" : "t8[0]",
					"strict" : false
				},
				{
					"name" : "t9[31]",
					"strict" : false
				},
				{
					"name" : "t9[30]",
					"strict" : false
				},
				{
					"name" : "t9[29]",
					"strict" : false
				},
				{
					"name" : "t9[28]",
					"strict" : false
				},
				{
					"name" : "t9[27]",
					"strict" : false
				},
				{
					"name" : "t9[26]",
					"strict" : false
				},
				{
					"name" : "t9[25]",
					"strict" : false
				},
				{
					"name" : "t9[24]",
					"strict" : false
				},
				{
					"name" : "t9[23]",
					"strict" : false
				},
				{
					"name" : "t9[22]",
					"strict" : false
				},
				{
					"name" : "t9[21]",
					"strict" : false
				},
				{
					"name" : "t9[20]",
					"strict" : false
				},
				{
					"name" : "t9[19]",
					"strict" : false
				},
				{
					"name" : "t9[18]",
					"strict" : false
				},
				{
					"name" : "t9[17]",
					"strict" : false
				},
				{
					"name" : "t9[16]",
					"strict" : false
				},
				{
					"name" : "t9[15]",
					"strict" : false
				},
				{
					"name" : "t9[14]",
					"strict" : false
				},
				{
					"name" : "t9[13]",
					"strict" : false
				},
				{
					"name" : "t9[12]",
					"strict" : false
				},
				{
					"name" : "t9[11]",
					"strict" : false
				},
				{
					"name" : "t9[10]",
					"strict" : false
				},
				{
					"name" : "t9[9]",
					"strict" : false
				},
				{
					"name" : "t9[8]",
					"strict" : false
				},
				{
					"name" : "t9[7]",
					"strict" : false
				},
				{
					"name" : "t9[6]",
					"strict" : false
				},
				{
					"name" : "t9[5]",
					"strict" : false
				},
				{
					"name" : "t9[4]",
					"strict" : false
				},
				{
					"name" : "t9[3]",
					"strict" : false
				},
				{
					"name" : "t9[2]",
					"strict" : false
				},
				{
					"name" : "t9[1]",
					"strict" : false
				},
				{
					"name" : "t9[0]",
					"strict" : false
				},
				{
					"name" : "ULA_resultEX[31]",
					"strict" : false
				},
				{
					"name" : "ULA_resultEX[30]",
					"strict" : false
				},
				{
					"name" : "ULA_resultEX[29]",
					"strict" : false
				},
				{
					"name" : "ULA_resultEX[28]",
					"strict" : false
				},
				{
					"name" : "ULA_resultEX[27]",
					"strict" : false
				},
				{
					"name" : "ULA_resultEX[26]",
					"strict" : false
				},
				{
					"name" : "ULA_resultEX[25]",
					"strict" : false
				},
				{
					"name" : "ULA_resultEX[24]",
					"strict" : false
				},
				{
					"name" : "ULA_resultEX[23]",
					"strict" : false
				},
				{
					"name" : "ULA_resultEX[22]",
					"strict" : false
				},
				{
					"name" : "ULA_resultEX[21]",
					"strict" : false
				},
				{
					"name" : "ULA_resultEX[20]",
					"strict" : false
				},
				{
					"name" : "ULA_resultEX[19]",
					"strict" : false
				},
				{
					"name" : "ULA_resultEX[18]",
					"strict" : false
				},
				{
					"name" : "ULA_resultEX[17]",
					"strict" : false
				},
				{
					"name" : "ULA_resultEX[16]",
					"strict" : false
				},
				{
					"name" : "ULA_resultEX[15]",
					"strict" : false
				},
				{
					"name" : "ULA_resultEX[14]",
					"strict" : false
				},
				{
					"name" : "ULA_resultEX[13]",
					"strict" : false
				},
				{
					"name" : "ULA_resultEX[12]",
					"strict" : false
				},
				{
					"name" : "ULA_resultEX[11]",
					"strict" : false
				},
				{
					"name" : "ULA_resultEX[10]",
					"strict" : false
				},
				{
					"name" : "ULA_resultEX[9]",
					"strict" : false
				},
				{
					"name" : "ULA_resultEX[8]",
					"strict" : false
				},
				{
					"name" : "ULA_resultEX[7]",
					"strict" : false
				},
				{
					"name" : "ULA_resultEX[6]",
					"strict" : false
				},
				{
					"name" : "ULA_resultEX[5]",
					"strict" : false
				},
				{
					"name" : "ULA_resultEX[4]",
					"strict" : false
				},
				{
					"name" : "ULA_resultEX[3]",
					"strict" : false
				},
				{
					"name" : "ULA_resultEX[2]",
					"strict" : false
				},
				{
					"name" : "ULA_resultEX[1]",
					"strict" : false
				},
				{
					"name" : "ULA_resultEX[0]",
					"strict" : false
				},
				{
					"name" : "ULAControlEX[4]",
					"strict" : false
				},
				{
					"name" : "ULAControlEX[3]",
					"strict" : false
				},
				{
					"name" : "ULAControlEX[2]",
					"strict" : false
				},
				{
					"name" : "ULAControlEX[1]",
					"strict" : false
				},
				{
					"name" : "ULAControlEX[0]",
					"strict" : false
				},
				{
					"name" : "v0[31]",
					"strict" : false
				},
				{
					"name" : "v0[30]",
					"strict" : false
				},
				{
					"name" : "v0[29]",
					"strict" : false
				},
				{
					"name" : "v0[28]",
					"strict" : false
				},
				{
					"name" : "v0[27]",
					"strict" : false
				},
				{
					"name" : "v0[26]",
					"strict" : false
				},
				{
					"name" : "v0[25]",
					"strict" : false
				},
				{
					"name" : "v0[24]",
					"strict" : false
				},
				{
					"name" : "v0[23]",
					"strict" : false
				},
				{
					"name" : "v0[22]",
					"strict" : false
				},
				{
					"name" : "v0[21]",
					"strict" : false
				},
				{
					"name" : "v0[20]",
					"strict" : false
				},
				{
					"name" : "v0[19]",
					"strict" : false
				},
				{
					"name" : "v0[18]",
					"strict" : false
				},
				{
					"name" : "v0[17]",
					"strict" : false
				},
				{
					"name" : "v0[16]",
					"strict" : false
				},
				{
					"name" : "v0[15]",
					"strict" : false
				},
				{
					"name" : "v0[14]",
					"strict" : false
				},
				{
					"name" : "v0[13]",
					"strict" : false
				},
				{
					"name" : "v0[12]",
					"strict" : false
				},
				{
					"name" : "v0[11]",
					"strict" : false
				},
				{
					"name" : "v0[10]",
					"strict" : false
				},
				{
					"name" : "v0[9]",
					"strict" : false
				},
				{
					"name" : "v0[8]",
					"strict" : false
				},
				{
					"name" : "v0[7]",
					"strict" : false
				},
				{
					"name" : "v0[6]",
					"strict" : false
				},
				{
					"name" : "v0[5]",
					"strict" : false
				},
				{
					"name" : "v0[4]",
					"strict" : false
				},
				{
					"name" : "v0[3]",
					"strict" : false
				},
				{
					"name" : "v0[2]",
					"strict" : false
				},
				{
					"name" : "v0[1]",
					"strict" : false
				},
				{
					"name" : "v0[0]",
					"strict" : false
				},
				{
					"name" : "v1[31]",
					"strict" : false
				},
				{
					"name" : "v1[30]",
					"strict" : false
				},
				{
					"name" : "v1[29]",
					"strict" : false
				},
				{
					"name" : "v1[28]",
					"strict" : false
				},
				{
					"name" : "v1[27]",
					"strict" : false
				},
				{
					"name" : "v1[26]",
					"strict" : false
				},
				{
					"name" : "v1[25]",
					"strict" : false
				},
				{
					"name" : "v1[24]",
					"strict" : false
				},
				{
					"name" : "v1[23]",
					"strict" : false
				},
				{
					"name" : "v1[22]",
					"strict" : false
				},
				{
					"name" : "v1[21]",
					"strict" : false
				},
				{
					"name" : "v1[20]",
					"strict" : false
				},
				{
					"name" : "v1[19]",
					"strict" : false
				},
				{
					"name" : "v1[18]",
					"strict" : false
				},
				{
					"name" : "v1[17]",
					"strict" : false
				},
				{
					"name" : "v1[16]",
					"strict" : false
				},
				{
					"name" : "v1[15]",
					"strict" : false
				},
				{
					"name" : "v1[14]",
					"strict" : false
				},
				{
					"name" : "v1[13]",
					"strict" : false
				},
				{
					"name" : "v1[12]",
					"strict" : false
				},
				{
					"name" : "v1[11]",
					"strict" : false
				},
				{
					"name" : "v1[10]",
					"strict" : false
				},
				{
					"name" : "v1[9]",
					"strict" : false
				},
				{
					"name" : "v1[8]",
					"strict" : false
				},
				{
					"name" : "v1[7]",
					"strict" : false
				},
				{
					"name" : "v1[6]",
					"strict" : false
				},
				{
					"name" : "v1[5]",
					"strict" : false
				},
				{
					"name" : "v1[4]",
					"strict" : false
				},
				{
					"name" : "v1[3]",
					"strict" : false
				},
				{
					"name" : "v1[2]",
					"strict" : false
				},
				{
					"name" : "v1[1]",
					"strict" : false
				},
				{
					"name" : "v1[0]",
					"strict" : false
				},
				{
					"name" : "ValorAEX[31]",
					"strict" : false
				},
				{
					"name" : "ValorAEX[30]",
					"strict" : false
				},
				{
					"name" : "ValorAEX[29]",
					"strict" : false
				},
				{
					"name" : "ValorAEX[28]",
					"strict" : false
				},
				{
					"name" : "ValorAEX[27]",
					"strict" : false
				},
				{
					"name" : "ValorAEX[26]",
					"strict" : false
				},
				{
					"name" : "ValorAEX[25]",
					"strict" : false
				},
				{
					"name" : "ValorAEX[24]",
					"strict" : false
				},
				{
					"name" : "ValorAEX[23]",
					"strict" : false
				},
				{
					"name" : "ValorAEX[22]",
					"strict" : false
				},
				{
					"name" : "ValorAEX[21]",
					"strict" : false
				},
				{
					"name" : "ValorAEX[20]",
					"strict" : false
				},
				{
					"name" : "ValorAEX[19]",
					"strict" : false
				},
				{
					"name" : "ValorAEX[18]",
					"strict" : false
				},
				{
					"name" : "ValorAEX[17]",
					"strict" : false
				},
				{
					"name" : "ValorAEX[16]",
					"strict" : false
				},
				{
					"name" : "ValorAEX[15]",
					"strict" : false
				},
				{
					"name" : "ValorAEX[14]",
					"strict" : false
				},
				{
					"name" : "ValorAEX[13]",
					"strict" : false
				},
				{
					"name" : "ValorAEX[12]",
					"strict" : false
				},
				{
					"name" : "ValorAEX[11]",
					"strict" : false
				},
				{
					"name" : "ValorAEX[10]",
					"strict" : false
				},
				{
					"name" : "ValorAEX[9]",
					"strict" : false
				},
				{
					"name" : "ValorAEX[8]",
					"strict" : false
				},
				{
					"name" : "ValorAEX[7]",
					"strict" : false
				},
				{
					"name" : "ValorAEX[6]",
					"strict" : false
				},
				{
					"name" : "ValorAEX[5]",
					"strict" : false
				},
				{
					"name" : "ValorAEX[4]",
					"strict" : false
				},
				{
					"name" : "ValorAEX[3]",
					"strict" : false
				},
				{
					"name" : "ValorAEX[2]",
					"strict" : false
				},
				{
					"name" : "ValorAEX[1]",
					"strict" : false
				},
				{
					"name" : "ValorAEX[0]",
					"strict" : false
				},
				{
					"name" : "ValorBEX[31]",
					"strict" : false
				},
				{
					"name" : "ValorBEX[30]",
					"strict" : false
				},
				{
					"name" : "ValorBEX[29]",
					"strict" : false
				},
				{
					"name" : "ValorBEX[28]",
					"strict" : false
				},
				{
					"name" : "ValorBEX[27]",
					"strict" : false
				},
				{
					"name" : "ValorBEX[26]",
					"strict" : false
				},
				{
					"name" : "ValorBEX[25]",
					"strict" : false
				},
				{
					"name" : "ValorBEX[24]",
					"strict" : false
				},
				{
					"name" : "ValorBEX[23]",
					"strict" : false
				},
				{
					"name" : "ValorBEX[22]",
					"strict" : false
				},
				{
					"name" : "ValorBEX[21]",
					"strict" : false
				},
				{
					"name" : "ValorBEX[20]",
					"strict" : false
				},
				{
					"name" : "ValorBEX[19]",
					"strict" : false
				},
				{
					"name" : "ValorBEX[18]",
					"strict" : false
				},
				{
					"name" : "ValorBEX[17]",
					"strict" : false
				},
				{
					"name" : "ValorBEX[16]",
					"strict" : false
				},
				{
					"name" : "ValorBEX[15]",
					"strict" : false
				},
				{
					"name" : "ValorBEX[14]",
					"strict" : false
				},
				{
					"name" : "ValorBEX[13]",
					"strict" : false
				},
				{
					"name" : "ValorBEX[12]",
					"strict" : false
				},
				{
					"name" : "ValorBEX[11]",
					"strict" : false
				},
				{
					"name" : "ValorBEX[10]",
					"strict" : false
				},
				{
					"name" : "ValorBEX[9]",
					"strict" : false
				},
				{
					"name" : "ValorBEX[8]",
					"strict" : false
				},
				{
					"name" : "ValorBEX[7]",
					"strict" : false
				},
				{
					"name" : "ValorBEX[6]",
					"strict" : false
				},
				{
					"name" : "ValorBEX[5]",
					"strict" : false
				},
				{
					"name" : "ValorBEX[4]",
					"strict" : false
				},
				{
					"name" : "ValorBEX[3]",
					"strict" : false
				},
				{
					"name" : "ValorBEX[2]",
					"strict" : false
				},
				{
					"name" : "ValorBEX[1]",
					"strict" : false
				},
				{
					"name" : "ValorBEX[0]",
					"strict" : false
				},
				{
					"name" : "sec_clk",
					"strict" : false
				},
				{
					"name" : "main_clk",
					"strict" : false
				}
			]
		}
	]
}